Créancier,Dossier,Montant Total,Mensualité,Début,Fin
Cabinet Thomas Paris E3M,ECHE-008,nan,nan,NaT,2100-01-01
Cabinet Thomas Paris UG,ECHE-014,nan,nan,NaT,2100-01-01
Appli (via indesradios),ECHE-015,nan,nan,NaT,2100-01-01
Hébergement site (via indesradios),ECHE-016,nan,nan,NaT,2100-01-01
ACPM (via indesradios),ECHE-017,nan,nan,NaT,2100-01-01
Incidents diffusion (via indesradios),ECHE-018,nan,nan,NaT,2100-01-01
INDES_RAD_ACPTE (via indesradios),ECHE-020,nan,nan,NaT,2100-01-01
INDES_CAP_ACPTE (via indesradios),ECHE-021,nan,nan,NaT,2100-01-01
Cotis_Adherent  (via indesradios),ECHE-023,nan,nan,NaT,2100-01-01
Bouygue Telecom,ECHE-025,nan,nan,NaT,2100-01-01
Free Telecom,ECHE-026,nan,nan,NaT,2100-01-01
Euromed BP,ECHE-028,nan,nan,NaT,2100-01-01
