Fournisseur,Date,Reference,Montant TTC,Echeance,Statut
Cabinet Thomas Paris UG,2025-11-05,Cabinet Thomas Paris UG —,67.00,2025-12-05,PAID
Cabinet Thomas Paris E3M,2025-10-30,ECH0925,232.00,2025-12-29,LATE
Appli (via indesradios),2025-10-16,1630957,304.80,2025-11-10,PAID
Hébergement site (via indesradios),2025-10-16,1631016,199.20,2025-11-10,PAID
Incidents diffusion (via indesradios),2025-10-16,1632877,161.39,2025-11-10,PAID
ACPM (via indesradios),2025-10-16,1631540,415.68,2025-11-10,PAID
INDES_CAP_ACPTE (via indesradios),2025-10-16,1632893,86.51,2025-11-10,PAID
INDES_RAD_ACPTE (via indesradios),2025-10-16,1633018,665.44,2025-11-10,PAID
Cabinet Thomas Paris E3M,2025-09-30,ECH0825,232.00,2025-11-29,PAID
Cabinet Thomas Paris UG,2025-09-05,Cabinet Thomas Paris UG —,67.00,2025-10-05,PAID
Appli (via indesradios),2025-09-03,1630957,304.80,2025-10-10,PAID
Hébergement site (via indesradios),2025-09-03,1631016,199.20,2025-10-10,PAID
ACPM (via indesradios),2025-09-03,1631540,415.68,2025-10-10,PAID
Cabinet Thomas Paris E3M,2025-08-30,ECH0725,222.00,2025-10-29,PAID
Appli (via indesradios),2025-08-11,1630957,304.80,2025-09-10,PAID
Hébergement site (via indesradios),2025-08-11,1631016,199.20,2025-09-10,PAID
ACPM (via indesradios),2025-08-11,1631540,415.68,2025-09-10,PAID
Cabinet Thomas Paris UG,2025-08-05,Cabinet Thomas Paris UG —,67.00,2025-09-04,PAID
Cabinet Thomas Paris E3M,2025-07-30,ECH0625,222.00,2025-09-28,PAID
Cabinet Thomas Paris UG,2025-07-05,Cabinet Thomas Paris UG —,67.00,2025-08-04,PAID
