Nom,Catégorie,Email,Site
ACPM (via indesradios),Digital,,
Appli (via indesradios),Digital,,
Bouygue Telecom,Télécommunications & abonnements,,
Cabinet Thomas Paris E3M,Charges fiscales et sociales,cabinet.thomasparis@orange.fr,
Cabinet Thomas Paris UG,Charges fiscales et sociales,cabinet.thomasparis@orange.fr,
Cotis_Adherent  (via indesradios),Régie,,
Euromed BP,,aminebenabla@gmail.com,
Free Telecom,Télécommunications & abonnements,,
Hébergement site (via indesradios),Digital,,
Incidents diffusion (via indesradios),Antenne,,
INDES_CAP_ACPTE (via indesradios),Régie,,
INDES_RAD_ACPTE (via indesradios),Régie,,
